mean_diff,sd_diff,loa_low,loa_high,n
-68.3438596491228,335.05452731426124,-725.0507331850748,588.3630138868292,285
