effect,term,estimate,std.error,statistic,df,p.value,conf.low,conf.high
fixed,(Intercept),1.7465728748803773,0.14815860864668848,11.788534536291458,217.61297860527955,3.9616375321655364e-25,1.4545633443499213,2.0385824054108332
fixed,time_0_30,-0.006339916175660095,0.005654322974772384,-1.1212511566719108,275.39755553292304,0.2631577034025771,-0.01747110295018123,0.004791270598861041
fixed,time_post30,-8.645364275990128e-4,1.596205872081663e-4,-5.416196260896743,285.4295191937089,1.2939990138331345e-7,-0.0011787192211840333,-5.503536340139923e-4
